id|url|title|summary|date_published|reader|writer|reader_wikidata|writer_wikidata
sterling-holywhitemountain-reads-roberto-bolano|https://www.newyorker.com/podcast/fiction/sterling-holywhitemountain-reads-roberto-bolano|Sterling HolyWhiteMountain Reads Roberto Bolaño|The author joins Deborah Treisman to read and discuss the story “Labyrinth,” which was published in a 2012 issue of The New Yorker.|2024-02-01|Sterling Holywhitemountain|Roberto Bolaño||Q297532
rivka-galchen-reads-aleksandar-hemon|https://www.newyorker.com/podcast/fiction/rivka-galchen-reads-aleksandar-hemon|Rivka Galchen Reads Aleksandar Hemon|The author joins Deborah Treisman to read and discuss the story “The Bees, Part 1,” which was published in a 2002 issue of The New Yorker.|2024-01-01|Rivka Galchen|Aleksandar Hemon|Q2265147|Q738114
teju-cole-reads-anne-carson|https://www.newyorker.com/podcast/fiction/teju-cole-reads-anne-carson|Teju Cole Reads Anne Carson|The author joins Deborah Treisman to read and discuss the story “1=1,” which was published in a 2016 issue of The New Yorker.|2023-12-01|Teju Cole|Anne Carson|Q2401060|
margaret-atwood-reads-mavis-gallant-live|https://www.newyorker.com/podcast/fiction/margaret-atwood-reads-mavis-gallant-live|Margaret Atwood Reads Mavis Gallant, Live|The author joins Deborah Treisman live at the Hot Docs podcast festival to read and discuss the story “Varieties of Exile,” which was published in a 1976 issue of The New Yorker.|2023-11-01|Margaret Atwood|Mavis Gallant|Q183492|Q2550824
lucinda-rosenfeld-reads-annie-ernaux|https://www.newyorker.com/podcast/fiction/lucinda-rosenfeld-reads-annie-ernaux|Lucinda Rosenfeld Reads Annie Ernaux|The author joins Deborah Treisman to read and discuss the story “Returns,” which was published in a 2022 issue of The New Yorker.|2023-10-01|Lucinda Rosenfeld|Annie Ernaux|Q6697391|Q1153825
andrew-ohagan-reads-donald-antrim|https://www.newyorker.com/podcast/fiction/andrew-ohagan-reads-donald-antrim|Andrew O’Hagan Reads Donald Antrim|The author joins Deborah Treisman to read and discuss the story “An Actor Prepares,” which was published in a 1999 issue of the magazine.|2023-09-01|Andrew O’Hagan|Donald Antrim|Q4758145|Q714153
david-means-reads-lorrie-moore|https://www.newyorker.com/podcast/fiction/david-means-reads-lorrie-moore|David Means Reads Lorrie Moore|The author joins Deborah Treisman to read and discuss the story “Face Time,” which was published in a 2020 issue of the magazine.|2023-08-01|David Means|Lorrie Moore|Q5237471|Q204168
george-saunders-reads-claire-keegan|https://www.newyorker.com/podcast/fiction/george-saunders-reads-claire-keegan|George Saunders Discusses Claire Keegan|The author joins Deborah Treisman to discuss the story “So Late in the Day,” which was published in a 2022 issue of the magazine.|2023-07-01|George Saunders|Claire Keegan|Q1251926|Q278917
ottessa-moshfegh-reads-david-means|https://www.newyorker.com/podcast/fiction/ottessa-moshfegh-reads-david-means|Ottessa Moshfegh Reads David Means|The author joins Deborah Treisman to read and discuss the story “Two Ruminations on a Homeless Brother,” which was published in a 2017 issue of the magazine.|2023-06-01|Ottessa Moshfegh|David Means|Q20707944|Q5237471
jonas-hassen-khemiri-reads-vladimir-nabokov|https://www.newyorker.com/podcast/fiction/jonas-hassen-khemiri-reads-vladimir-nabokov|Jonas Hassen Khemiri Reads Vladimir Nabokov|The author joins Deborah Treisman to read and discuss the story “A Slice of Life,” which was published in a 1976 issue of the magazine.|2023-05-01|Jonas Hassen Khemiri|Vladimir Nabokov|Q1475327|Q36591
said-sayrafiezadeh-reads-samuel-beckett|https://www.newyorker.com/podcast/fiction/said-sayrafiezadeh-reads-samuel-beckett|Saïd Sayrafiezadeh Reads Samuel Beckett|The author joins Deborah Treisman to read and discuss the story “Ill Seen Ill Said,” which was published in a 1981 issue of the magazine.|2023-04-01|Saïd Sayrafiezadeh|Samuel Beckett|Q2212143|Q37327
claire-louise-bennett-reads-maeve-brennan|https://www.newyorker.com/podcast/fiction/claire-louise-bennett-reads-maeve-brennan|Claire-Louise Bennett Reads Maeve Brennan|The author joins Deborah Treisman to read and discuss the story “Family Walls,” which was published in a 1973 issue of the magazine.|2023-03-07|Claire-Louise Bennett|Maeve Brennan|Q55828246|Q1883652
clare-sestanovich-reads-alice-munro|https://www.newyorker.com/podcast/fiction/clare-sestanovich-reads-alice-munro|Clare Sestanovich Reads Alice Munro|The author joins Deborah Treisman to read and discuss the story “The Moons of Jupiter,” which was published in a 1978 issue of the magazine.|2023-02-01|Clare Sestanovich|Alice Munro||Q234819
gary-shteyngart-reads-weike-wang|https://www.newyorker.com/podcast/fiction/gary-shteyngart-reads-weike-wang|Gary Shteyngart Reads Weike Wang|The author joins Deborah Treisman to read and discuss the story “Omakase,” which was published in a 2018 issue of the magazine.|2023-01-02|Gary Shteyngart|Weike Wang|Q1334139|Q53411106
ling-ma-reads-nicole-krauss|https://www.newyorker.com/podcast/fiction/ling-ma-reads-nicole-krauss|Ling Ma Reads Nicole Krauss|The author joins Deborah Treisman to read and discuss the story “Seeing Ershadi,” which was published in a 2018 issue of the magazine.|2022-12-01|Ling Ma|Nicole Krauss|Q56427737|Q466431
jamil-jan-kochai-reads-yiyun-li|https://www.newyorker.com/podcast/fiction/jamil-jan-kochai-reads-yiyun-li|Jamil Jan Kochai Reads Yiyun Li|The author joins Deborah Treisman to read and discuss the story “All Will Be Well,” which was published in a 2019 issue of the magazine.|2022-11-01|Jamil Jan Kochai|Yiyun Li|Q111967234|Q460088
madeleine-thien-reads-yoko-ogawa|https://www.newyorker.com/podcast/fiction/madeleine-thien-reads-yoko-ogawa|Madeleine Thien Reads Yoko Ogawa|The author joins Deborah Treisman to read and discuss the story “The Cafeteria in the Evening and a Pool in the Rain,” which was published in a 2004 issue of the magazine.|2022-10-01|Madeleine Thien|Yoko Ogawa|Q293236|Q449473
elif-batuman-reads-sylvia-townsend-warner|https://www.newyorker.com/podcast/fiction/elif-batuman-reads-sylvia-townsend-warner|Elif Batuman Reads Sylvia Townsend Warner|The author joins Deborah Treisman to read and discuss the story “Truth and Fiction,” which was published in a 1961 issue of the magazine.|2022-09-01|Elif Batuman|Sylvia Townsend Warner|Q5360799|Q462270
andre-alexis-reads-italo-calvino|https://www.newyorker.com/podcast/fiction/andre-alexis-reads-italo-calvino|André Alexis Reads Italo Calvino|The author joins Deborah Treisman to read and discuss the story “Waiting for Death in a Hotel,” which was published in a 2006 issue of the magazine.|2022-08-05|André Alexis|Italo Calvino|Q4759811|Q154756
akhil-sharma-reads-joyce-carol-oates|https://www.newyorker.com/podcast/fiction/akhil-sharma-reads-joyce-carol-oates|Akhil Sharma Reads Joyce Carol Oates|The author joins Deborah Treisman to read and discuss the story “Zombie,” which was published in a 1994 issue of the magazine.|2022-07-01|Akhil Sharma|Joyce Carol Oates|Q4700740|Q217557
rachel-kushner-reads-edna-obrien|https://www.newyorker.com/podcast/fiction/rachel-kushner-reads-edna-obrien|Rachel Kushner Reads Edna O’Brien|The author joins Deborah Treisman to read and discuss “Come Into the Drawing Room, Doris,” by Edna O’Brien, which was published in a 1962 issue of the magazine.|2022-06-01|Rachel Kushner|Edna O’Brien|Q7279300|Q178225
camille-bordas-reads-saul-bellow|https://www.newyorker.com/podcast/fiction/camille-bordas-reads-saul-bellow|Camille Bordas Reads Saul Bellow|The author joins Deborah Treisman to read and discuss “A Father-to-Be,” by Saul Bellow, which was published in a 1955 issue of the magazine.|2022-05-01|Camille Bordas|Saul Bellow|Q2934870|Q83059
sherman-alexie-reads-raymond-carver|https://www.newyorker.com/podcast/fiction/sherman-alexie-reads-raymond-carver|Sherman Alexie Reads Raymond Carver|The author joins Deborah Treisman to read and discuss “Where I’m Calling From,” by Raymond Carver, which was published in a 1982 issue of the magazine.|2022-04-01|Sherman Alexie|Raymond Carver|Q727331|Q219862
gish-jen-reads-grace-paley|https://www.newyorker.com/podcast/fiction/gish-jen-reads-grace-paley|Gish Jen Reads Grace Paley|The author joins Deborah Treisman to read and discuss “Friends,” by Grace Paley, which was published in a 1979 issue of the magazine.|2022-03-01|Gish Jen|Grace Paley|Q5564935|Q443966
alejandro-zambra-reads-bruno-schulz|https://www.newyorker.com/podcast/fiction/alejandro-zambra-reads-bruno-schulz|Alejandro Zambra Reads Bruno Schulz|The author joins Deborah Treisman to read and discuss “Loneliness,” by Bruno Schulz, which was published in a 1977 issue of the magazine.|2022-02-01|Alejandro Zambra|Bruno Schulz|Q554224|Q148886
kevin-barry-reads-v-s-pritchett|https://www.newyorker.com/podcast/fiction/kevin-barry-reads-v-s-pritchett|Kevin Barry Reads V. S. Pritchett|The author joins Deborah Treisman to read and discuss “A Family Man,” by V. S. Pritchett, which was published in a 1977 issue of the magazine.|2022-01-01|Kevin Barry|V. S. Pritchett|Q6395795|Q1885875
will-mackin-reads-george-saunders|https://www.newyorker.com/podcast/fiction/will-mackin-reads-george-saunders|Will Mackin Reads George Saunders|The author joins Deborah Treisman to read and discuss “The Falls,” by George Saunders, which was published in a 1996 issue of the magazine.|2021-12-01|Will Mackin|George Saunders||Q1251926
ben-lerner-reads-julio-cortazar|https://www.newyorker.com/podcast/fiction/ben-lerner-reads-julio-cortazar|Ben Lerner Reads Julio Cortázar|The author joins Deborah Treisman to read and discuss “In the Name of Bobby,” by Julio Cortázar, which was published in a 1979 issue of the magazine.|2021-11-01|Ben Lerner|Julio Cortázar|Q1836356|Q174210
donald-antrim-reads-donald-barthelme-the-balloon|https://www.newyorker.com/podcast/fiction/donald-antrim-reads-donald-barthelme-the-balloon|Donald Antrim Reads Donald Barthelme|The author joins Deborah Treisman to read and discuss “The Balloon,” by Donald Barthelme, which was published in a 1966 issue of the magazine.|2021-10-01|Donald Antrim|Donald Barthelme|Q714153|Q353869
rebecca-curtis-reads-haruki-murakami|https://www.newyorker.com/podcast/fiction/rebecca-curtis-reads-haruki-murakami|Rebecca Curtis Reads Haruki Murakami|The author joins Deborah Treisman to read and discuss “Confessions of a Shinagawa Monkey,” by Haruki Murakami, which was published in a 2020 issue of the magazine.|2021-09-01|Rebecca Curtis|Haruki Murakami|Q7301712|Q134798
ann-patchett-reads-maile-meloy|https://www.newyorker.com/podcast/fiction/ann-patchett-reads-maile-meloy|Ann Patchett Reads Maile Meloy|The author joins Deborah Treisman to read and discuss “The Proxy Marriage,” by Maile Meloy, which was published in a 2012 issue of the magazine.|2021-08-01|Ann Patchett|Maile Meloy|Q433485|Q541890
susan-choi-reads-jennifer-egan|https://www.newyorker.com/podcast/fiction/susan-choi-reads-jennifer-egan|Susan Choi Reads Jennifer Egan|The author joins Deborah Treisman to read and discuss “Found Objects,” by Jennifer Egan, which was published in a 2007 issue of the magazine.|2021-07-01|Susan Choi|Jennifer Egan|Q7647669|Q264283
ben-okri-reads-franz-kafka|https://www.newyorker.com/podcast/fiction/ben-okri-reads-franz-kafka|Ben Okri Reads Franz Kafka|The author joins Deborah Treisman to read and discuss “The Rescue Will Begin in Its Own Time,” four short fiction pieces by Franz Kafka, which appeared in a 2020 issue of the magazine.|2021-06-01|Ben Okri|Franz Kafka|Q315362|Q905
tea-obreht-reads-thomas-mcguane|https://www.newyorker.com/podcast/fiction/tea-obreht-reads-thomas-mcguane|Téa Obreht Reads Thomas McGuane|The author joins Deborah Treisman to read and discuss “Gallatin Canyon,” by Thomas McGuane, which appeared in a 2003 issue of the magazine.|2021-05-01|Téa Obreht|Thomas Mcguane|Q439226|Q2265116
weike-wang-reads-lara-vapnyar|https://www.newyorker.com/podcast/fiction/weike-wang-reads-lara-vapnyar|Weike Wang Reads Lara Vapnyar|The author joins Deborah Treisman to read and discuss “Katania,” by Lara Vapnyar, which appeared in a 2013 issue of the magazine.|2021-04-01|Weike Wang|Lara Vapnyar|Q53411106|Q6488602
douglas-stuart-reads-kevin-barry|https://www.newyorker.com/podcast/fiction/douglas-stuart-reads-kevin-barry|Douglas Stuart Reads Kevin Barry|The author joins Deborah Treisman to read and discuss “Fjord of Killary,” by Kevin Barry, which appeared in a 2010 issue of the magazine.|2021-03-01|Douglas Stuart|Kevin Barry|Q99395310|Q6395795
hisham-matar-reads-colm-toibin|https://www.newyorker.com/podcast/fiction/hisham-matar-reads-colm-toibin|Hisham Matar Reads Colm Tóibín|The author joins Deborah Treisman to read and discuss “One Minus One,” by Colm Tóibín, which appeared in a 2007 issue of the magazine.|2021-02-01|Hisham Matar|Colm Tóibín|Q673985|Q470758
chang-rae-lee-reads-steven-millhauser|https://www.newyorker.com/podcast/fiction/chang-rae-lee-reads-steven-millhauser|Chang-rae Lee Reads Steven Millhauser|The author joins Deborah Treisman to read and discuss “Coming Soon,” by Steven Millhauser, which appeared in a 2013 issue of the magazine.|2021-01-01|Chang-Rae Lee|Steven Millhauser|Q533256|Q640807
samantha-hunt-reads-yiyun-li|https://www.newyorker.com/podcast/fiction/samantha-hunt-reads-yiyun-li|Samantha Hunt Reads Yiyun Li|The author joins Deborah Treisman to read and discuss “A Sheltered Woman,” by Yiyun Li, from a 2014 issue of the magazine.|2020-12-01|Samantha Hunt|Yiyun Li|Q16213564|Q460088
elizabeth-strout-reads-william-trevor|https://www.newyorker.com/podcast/fiction/elizabeth-strout-reads-william-trevor|Elizabeth Strout Reads William Trevor|The author joins Deborah Treisman to read and discuss “Bravado,” by William Trevor, from a 2007 issue of the magazine.|2020-11-01|Elizabeth Strout|William Trevor|Q262712|Q528826
zz-packer-reads-lesley-nneka-arimah|https://www.newyorker.com/podcast/fiction/zz-packer-reads-lesley-nneka-arimah|ZZ Packer Reads Lesley Nneka Arimah|The author joins Deborah Treisman to read and discuss “Who Will Greet You at Home,” by Lesley Nneka Arimah, from a 2015 issue of the magazine.|2020-10-01|Zz Packer|Lesley Nneka Arimah|Q8063320|Q45849301
david-gilbert-reads-samantha-hunt|https://www.newyorker.com/podcast/fiction/david-gilbert-reads-samantha-hunt|David Gilbert Reads Samantha Hunt|The author joins Deborah Treisman to read and discuss “Three Days,” by Samantha Hunt, from a 2006 issue of the magazine.|2020-09-01|David Gilbert|Samantha Hunt|Q17385807|Q16213564
tommy-orange-reads-louise-erdrich|https://www.newyorker.com/podcast/fiction/tommy-orange-reads-louise-erdrich|Tommy Orange Reads Louise Erdrich|The author joins Deborah Treisman to read and discuss “The Years of My Birth,” by Louise Erdrich, from a 2011 issue of the magazine.|2020-08-01|Tommy Orange|Louise Erdrich|Q63341394|Q442679
allegra-goodman-reads-eudora-welty|https://www.newyorker.com/podcast/fiction/allegra-goodman-reads-eudora-welty|Allegra Goodman Reads Eudora Welty|The author joins Deborah Treisman to read and discuss “No Place for You, My Love,” by Eudora Welty, from a 1952 issue of the magazine.|2020-07-01|Allegra Goodman|Eudora Welty|Q4731395|Q259364
bryan-washington-reads-haruki-murakami|https://www.newyorker.com/podcast/fiction/bryan-washington-reads-haruki-murakami|Bryan Washington Reads Haruki Murakami|The author joins Deborah Treisman to read and discuss “U.F.O. in Kushiro,” by Haruki Murakami, from a 2001 issue of the magazine.|2020-06-01|Bryan Washington|Haruki Murakami|Q95986964|Q134798
kristen-roupenian-reads-shirley-jackson|https://www.newyorker.com/podcast/fiction/kristen-roupenian-reads-shirley-jackson|Kristen Roupenian Reads Shirley Jackson|The author joins Deborah Treisman to read and discuss “Afternoon in Linen,” by Shirley Jackson, from a 1943 issue of the magazine.|2020-05-01|Kristen Roupenian|Shirley Jackson|Q56751761|Q239910
deborah-treisman-reads-david-foster-wallace|https://www.newyorker.com/podcast/fiction/deborah-treisman-reads-david-foster-wallace|Deborah Treisman Reads David Foster Wallace|The New Yorker fiction editor reads and discusses “Good People,” by David Foster Wallace, from a 2007 issue of the magazine.|2020-04-01|Deborah Treisman|David Foster Wallace|Q113960789|Q313246
greg-jackson-reads-ann-beattie|https://www.newyorker.com/podcast/fiction/greg-jackson-reads-ann-beattie|Greg Jackson Reads Ann Beattie|The author joins Deborah Treisman to read and discuss “Where You’ll Find Me,” by Ann Beattie, from a 1986 issue of the magazine.|2020-03-01|Greg Jackson|Ann Beattie|Q76436988|Q452145
david-rabe-reads-john-updike|https://www.newyorker.com/podcast/fiction/david-rabe-reads-john-updike|David Rabe Reads John Updike|The author joins Deborah Treisman to read and discuss “The Other Side of the Street,” by John Updike, from a 1991 issue of the magazine.|2020-02-01|David Rabe|John Updike|Q497375|Q105756
andrea-lee-reads-haruki-murakami|https://www.newyorker.com/podcast/fiction/andrea-lee-reads-haruki-murakami|Andrea Lee Reads Haruki Murakami|The author joins Deborah Treisman to read and discuss “Barn Burning,” by Haruki Murakami, from a 1992 issue of the magazine.|2020-01-01|Andrea Lee|Haruki Murakami|Q4755150|Q134798
a-decade-of-the-new-yorker-fiction-podcast|https://www.newyorker.com/culture/decade-in-review/a-decade-of-the-new-yorker-fiction-podcast|A Decade of the New Yorker Fiction Podcast|The past decade’s episodes have offered an unrivalled opportunity to dive into the thinking both of the authors of the stories and of the writers who chose them.|2019-12-24|A Decade Of The New Yorker Fiction Podcast|Unknown||
ann-beattie-reads-mavis-gallant|https://www.newyorker.com/podcast/fiction/ann-beattie-reads-mavis-gallant|Ann Beattie Reads Mavis Gallant|The author joins Deborah Treisman to read and discuss “Dédé,” by Mavis Gallant, from a 1987 issue of the magazine.|2019-12-01|Ann Beattie|Mavis Gallant|Q452145|Q2550824
garth-greenwell-reads-jean-stafford|https://www.newyorker.com/podcast/fiction/garth-greenwell-reads-jean-stafford|Garth Greenwell Reads Jean Stafford|The author joins Deborah Treisman to read and discuss “The Shorn Lamb,” by Jean Stafford, from a 1953 issue of the magazine.|2019-11-01|Garth Greenwell|Jean Stafford|Q5524350|Q290633
jhumpa-lahiri-reads-primo-levi|https://www.newyorker.com/podcast/fiction/jhumpa-lahiri-reads-primo-levi|Jhumpa Lahiri Reads Primo Levi|The author joins Deborah Treisman to read and discuss “Quaestio De Centauris,” by Primo Levi, from a 2015 issue of the magazine.|2019-10-01|Jhumpa Lahiri|Primo Levi|Q465208|Q153670
etgar-keret-reads-janet-frame|https://www.newyorker.com/podcast/fiction/etgar-keret-reads-janet-frame|Etgar Keret Reads Janet Frame|The author joins Deborah Treisman to read and discuss “You Are Now Entering the Human Heart,” by Janet Frame, from a 1969 issue of the magazine.|2019-09-01|Etgar Keret|Janet Frame|Q378882|Q241215
margaret-atwood-reads-alice-munro|https://www.newyorker.com/podcast/fiction/margaret-atwood-reads-alice-munro|Margaret Atwood Reads Alice Munro|Margaret Atwood joins Deborah Treisman to read and discuss “Corrie,” by Alice Munro, from a 2010 issue of the magazine.|2019-08-01|Margaret Atwood|Alice Munro|Q183492|Q234819
kirstin-valdez-quade-reads-john-lheureux|https://www.newyorker.com/podcast/fiction/kirstin-valdez-quade-reads-john-lheureux|Kirstin Valdez Quade Reads John L’Heureux|The author joins Deborah Treisman to read and discuss “The Long Black Line,” by John L’Heureux, from a 2018 issue of the magazine.|2019-07-01|Kirstin Valdez Quade|John L’Heureux|Q20891036|Q16939546
andrew-sean-greer-reads-dorothy-parker|https://www.newyorker.com/podcast/fiction/andrew-sean-greer-reads-dorothy-parker|Andrew Sean Greer Reads Dorothy Parker|The author joins Deborah Treisman to read and discuss “I Live on Your Visits,” by Dorothy Parker, from a 1955 issue of the magazine.|2019-06-03|Andrew Sean Greer|Dorothy Parker|Q457601|Q270707
emma-cline-reads-miranda-july|https://www.newyorker.com/podcast/fiction/emma-cline-reads-miranda-july|Emma Cline Reads Miranda July|Emma Cline joins Deborah Treisman to read and discuss “The Metal Bowl,” by Miranda July, from a 2017 issue of the magazine.|2019-05-01|Emma Cline|Miranda July|Q26023376|Q256671
marisa-silver-reads-daniyal-mueenuddin|https://www.newyorker.com/podcast/fiction/marisa-silver-reads-daniyal-mueenuddin|Marisa Silver Reads Daniyal Mueenuddin|Marisa Silver joins Deborah Treisman to read and discuss “Nawabdin Electrician,” by Daniyal Mueenuddin, from a 2007 issue of the magazine.|2019-04-01|Marisa Silver|Daniyal Mueenuddin|Q3293710|
joy-williams-reads-don-delillo|https://www.newyorker.com/podcast/fiction/joy-williams-reads-don-delillo|Joy Williams Reads Don DeLillo|Joy Williams joins Deborah Treisman to read and discuss “The Itch,” by Don DeLillo, from a 2017 issue of the magazine.|2019-03-01|Joy Williams|Don Delillo|Q6297286|Q310048
joseph-oneill-reads-nadine-gordimer|https://www.newyorker.com/podcast/fiction/joseph-oneill-reads-nadine-gordimer|Joseph O’Neill Reads Nadine Gordimer|The writer joins Deborah Treisman to read and discuss “The Pet,” by Nadine Gordimer, from a 1962 issue of the magazine.|2019-02-01|Joseph O’Neill|Nadine Gordimer|Q6285886|Q47619
orhan-pamuk-reads-jorge-luis-borges|https://www.newyorker.com/podcast/fiction/orhan-pamuk-reads-jorge-luis-borges|Orhan Pamuk Reads Jorge Luis Borges|The writer joins Deborah Treisman to read and discuss “Ibn Hakkan Al-Bokhari, Dead in his Labyrinth,” by Jorge Luis Borges, from a 1970 issue of the magazine.|2019-01-02|Orhan Pamuk|Jorge Luis Borges|Q241248|Q909
dave-eggers-reads-sam-shepard|https://www.newyorker.com/podcast/fiction/dave-eggers-reads-sam-shepard|Dave Eggers Reads Sam Shepard|The writer joins Deborah Treisman to read and discuss “Indianapolis (Highway 74),” by Sam Shepard, from a 2009 issue of the magazine.|2018-12-01|Dave Eggers|Sam Shepard|Q589497|Q294583
stuart-dybek-reads-steven-millhauser|https://www.newyorker.com/podcast/fiction/stuart-dybek-reads-steven-millhauser|Stuart Dybek Reads Steven Millhauser|The writer joins Deborah Treisman to read and discuss “Miracle Polish,” by Steven Millhauser, from a 2011 issue of the magazine.|2018-11-01|Stuart Dybek|Steven Millhauser|Q7626494|Q640807
roddy-doyle-reads-lorrie-moore|https://www.newyorker.com/podcast/fiction/roddy-doyle-reads-lorrie-moore|Roddy Doyle Reads Lorrie Moore|Roddy Doyle joins Deborah Treisman to read and discuss “Community Life,” by Lorrie Moore, from a 1991 issue of the magazine.|2018-10-01|Roddy Doyle|Lorrie Moore|Q73506|Q204168
tessa-hadley-reads-john-updike|https://www.newyorker.com/podcast/fiction/tessa-hadley-reads-john-updike|Tessa Hadley Reads John Updike|Tessa Hadley joins Deborah Treisman to read and discuss “New York Girl,” by John Updike, from a 1996 issue of the magazine.|2018-09-03|Tessa Hadley|John Updike|Q23014955|Q105756
kate-walbert-reads-stuart-dybek|https://www.newyorker.com/podcast/fiction/kate-walbert-reads-stuart-dybek|Kate Walbert Reads Stuart Dybek|Kate Walbert joins Deborah Treisman to read and discuss “Pet Milk,” by Stuart Dybek, from a 1984 issue of the magazine.|2018-08-01|Kate Walbert|Stuart Dybek|Q6375842|Q7626494
ottessa-moshfegh-reads-sheila-heti|https://www.newyorker.com/podcast/fiction/ottessa-moshfegh-reads-sheila-heti|Ottessa Moshfegh Reads Sheila Heti|Ottessa Moshfegh joins Deborah Treisman to read and discuss “My Life Is a Joke,” by Sheila Heti, from a 2015 issue of the magazine.|2018-07-02|Ottessa Moshfegh|Sheila Heti|Q20707944|Q7493065
a-m-homes-reads-margaret-atwood|https://www.newyorker.com/podcast/fiction/a-m-homes-reads-margaret-atwood|A. M. Homes Reads Margaret Atwood|A. M. Homes joins Deborah Treisman to read and discuss “Stone Mattress,” by Margaret Atwood, from a 2011 issue of the magazine.|2018-06-01|A. M. Homes|Margaret Atwood|Q278953|Q183492
hari-kunzru-reads-robert-coover|https://www.newyorker.com/podcast/fiction/hari-kunzru-reads-robert-coover|Hari Kunzru Reads Robert Coover|Hari Kunzru joins Deborah Treisman to read and discuss “The Colonel’s Daughter,” by Robert Coover, from a 2013 issue of the magazine.|2018-05-01|Hari Kunzru|Robert Coover|Q1367133|Q1282338
mohsin-hamid-reads-jorge-luis-borges|https://www.newyorker.com/podcast/fiction/mohsin-hamid-reads-jorge-luis-borges|Mohsin Hamid Reads Jorge Luis Borges|Mohsin Hamid joins Deborah Treisman to read and discuss “The Book of Sand,” by Jorge Luis Borges, from a 1976 issue of the magazine.|2018-04-02|Mohsin Hamid|Jorge Luis Borges|Q3243146|Q909
lorrie-moore-reads-antonya-nelson|https://www.newyorker.com/podcast/fiction/lorrie-moore-reads-antonya-nelson|Lorrie Moore Reads Antonya Nelson|Lorrie Moore joins Deborah Treisman to read and discuss “Naked Ladies,” by Antonya Nelson, from a 1992 issue of the magazine.|2018-03-02|Lorrie Moore|Antonya Nelson|Q204168|Q4777267
colin-barrett-reads-joy-williams|https://www.newyorker.com/podcast/fiction/colin-barrett-reads-joy-williams|Colin Barrett Reads Joy Williams|Colin Barrett joins Deborah Treisman to read and discuss “Stuff,” by Joy Williams, from a 2016 issue of the magazine.|2018-02-02|Colin Barrett|Joy Williams|Q55828256|Q6297286
david-sedaris-reads-wells-tower|https://www.newyorker.com/podcast/fiction/david-sedaris-reads-wells-tower|David Sedaris Reads Wells Tower|David Sedaris joins Deborah Treisman to read and discuss “Leopard,” by Wells Tower, from a 2008 issue of the magazine.|2018-01-02|David Sedaris|Wells Tower|Q1176577|Q2081662
sarah-shun-lien-bynum-reads-yiyun-li|https://www.newyorker.com/podcast/fiction/sarah-shun-lien-bynum-reads-yiyun-li|Sarah Shun-lien Bynum Reads Yiyun Li|Sarah Shun-lien Bynum reads and discusses “Extra,” by Yiyun Li.|2017-12-01|Sarah Shun-Lien Bynum|Yiyun Li|Q7422768|Q460088
lauren-groff-reads-shirley-hazzard|https://www.newyorker.com/podcast/fiction/lauren-groff-reads-shirley-hazzard|Lauren Groff Reads Shirley Hazzard|Lauren Groff reads and discusses “In These Islands,” by Shirley Hazzard|2017-11-01|Lauren Groff|Shirley Hazzard|Q6500240|Q1230809
matthew-klam-reads-john-updike|https://www.newyorker.com/podcast/fiction/matthew-klam-reads-john-updike|Matthew Klam Reads John Updike|Matthew Klam reads and discusses “Twin Beds in Rome,” by John Updike.|2017-10-02|Matthew Klam|John Updike|Q6790814|Q105756
curtis-sittenfeld-reads-tessa-hadley|https://www.newyorker.com/podcast/fiction/curtis-sittenfeld-reads-tessa-hadley|Curtis Sittenfeld Reads Tessa Hadley|Curtis Sittenfeld reads and discusses “The Surrogate,” by Tessa Hadley.|2017-09-01|Curtis Sittenfeld|Tessa Hadley|Q456855|Q23014955
akhil-sharma-reads-jeffrey-eugenides|https://www.newyorker.com/podcast/fiction/akhil-sharma-reads-jeffrey-eugenides|Akhil Sharma Reads Jeffrey Eugenides|Akhil Sharma reads and discusses “Baster,” by Jeffrey Eugenides.|2017-08-01|Akhil Sharma|Jeffrey Eugenides|Q4700740|Q357108
gabe-hudson-reads-robert-coover|https://www.newyorker.com/podcast/fiction/gabe-hudson-reads-robert-coover|Gabe Hudson Reads Robert Coover|Gabe Hudson reads and discusses “The Frog Prince,” by Robert Coover.|2017-07-03|Gabe Hudson|Robert Coover|Q5515332|Q1282338
colm-toibin-reads-mary-lavin|https://www.newyorker.com/podcast/fiction/colm-toibin-reads-mary-lavin|Colm Tóibín Reads Mary Lavin||2017-06-01|Colm Tóibín|Mary Lavin|Q470758|Q3296204
rachel-kushner-reads-thom-jones|https://www.newyorker.com/podcast/fiction/rachel-kushner-reads-thom-jones|Rachel Kushner Reads Thom Jones||2017-05-01|Rachel Kushner|Thom Jones|Q7279300|Q7786728
salman-rushdie-reads-italo-calvino|https://www.newyorker.com/podcast/fiction/salman-rushdie-reads-italo-calvino|Salman Rushdie Reads Italo Calvino||2017-04-03|Salman Rushdie|Italo Calvino|Q44306|Q154756
mary-gaitskill-reads-john-cheever|https://www.newyorker.com/podcast/fiction/mary-gaitskill-reads-john-cheever|Mary Gaitskill Reads John Cheever||2017-03-01|Mary Gaitskill|John Cheever|Q545781|Q336151
junot-diaz-reads-edwidge-danticat-2|https://www.newyorker.com/podcast/fiction/junot-diaz-reads-edwidge-danticat-2|Junot Díaz Reads Edwidge Danticat||2017-02-01|Junot Díaz|Edwidge Danticat|Q402664|Q450346
richard-powers-reads-steven-millhauser|https://www.newyorker.com/podcast/fiction/richard-powers-reads-steven-millhauser|Richard Powers Reads Steven Millhauser||2017-01-03|Richard Powers|Steven Millhauser|Q638179|Q640807
david-means-reads-sherman-alexie|https://www.newyorker.com/podcast/fiction/david-means-reads-sherman-alexie|David Means Reads Sherman Alexie||2016-12-01|David Means|Sherman Alexie|Q5237471|Q727331
ben-marcus-reads-mary-gaitskill|https://www.newyorker.com/podcast/fiction/ben-marcus-reads-mary-gaitskill|Ben Marcus Reads Mary Gaitskill||2016-11-01|Ben Marcus|Mary Gaitskill|Q816553|Q545781
karen-russell-reads-mavis-gallant|https://www.newyorker.com/podcast/fiction/karen-russell-reads-mavis-gallant|Karen Russell Reads Mavis Gallant||2016-10-03|Karen Russell|Mavis Gallant|Q3812975|Q2550824
annie-proulx-reads-j-f-powers|https://www.newyorker.com/podcast/fiction/annie-proulx-reads-j-f-powers|Annie Proulx Reads J. F. Powers||2016-09-01|Annie Proulx|J. F. Powers|Q229840|Q1369803
alice-mattison-reads-lore-segal|https://www.newyorker.com/podcast/fiction/alice-mattison-reads-lore-segal|Alice Mattison Reads Lore Segal||2016-08-01|Alice Mattison|Lore Segal|Q16204726|Q215436
ben-lerner-reads-john-berger|https://www.newyorker.com/podcast/fiction/ben-lerner-reads-john-berger|Ben Lerner Reads John Berger||2016-07-01|Ben Lerner|John Berger|Q1836356|Q382604
karl-ove-knausgaard-reads-v-s-naipaul|https://www.newyorker.com/podcast/fiction/karl-ove-knausgaard-reads-v-s-naipaul|Karl Ove Knausgaard Reads V. S. Naipaul||2016-06-01|Karl Ove Knausgaard|V. S. Naipaul|Q609317|Q44593
dana-spiotta-reads-joy-williams|https://www.newyorker.com/podcast/fiction/dana-spiotta-reads-joy-williams|Dana Spiotta Reads Joy Williams||2016-05-02|Dana Spiotta|Joy Williams|Q5214834|Q6297286
anne-enright-reads-frank-oconnor|https://www.newyorker.com/podcast/fiction/anne-enright-reads-frank-oconnor|Anne Enright Reads Frank O’Connor||2016-04-01|Anne Enright|Frank O’Connor|Q73176|Q1351972
jonathan-franzen-reads-david-means|https://www.newyorker.com/podcast/fiction/jonathan-franzen-reads-david-means|Jonathan Franzen Reads David Means||2016-03-01|Jonathan Franzen|David Means|Q316607|Q5237471
kevin-barry-reads-brian-friel|https://www.newyorker.com/podcast/fiction/kevin-barry-reads-brian-friel|Kevin Barry Reads Brian Friel||2016-02-01|Kevin Barry|Brian Friel|Q6395795|Q283227
rivka-galchen-reads-isaac-bashevis-singer|https://www.newyorker.com/podcast/fiction/rivka-galchen-reads-isaac-bashevis-singer|Rivka Galchen Reads Isaac Bashevis Singer||2016-01-04|Rivka Galchen|Isaac Bashevis Singer|Q2265147|Q75612
andrew-ohagan-reads-edna-obrien|https://www.newyorker.com/podcast/fiction/andrew-ohagan-reads-edna-obrien|Andrew O’Hagan Reads Edna O’Brien||2015-12-01|Andrew O’Hagan|Edna O’Brien|Q4758145|Q178225
lydia-davis-reads-robert-gorham-davis|https://www.newyorker.com/podcast/fiction/lydia-davis-reads-robert-gorham-davis|Lydia Davis Reads Robert Gorham Davis||2015-11-02|Lydia Davis|Robert Gorham Davis|Q1280035|Q47681708
allan-gurganus-reads-grace-paley|https://www.newyorker.com/podcast/fiction/allan-gurganus-reads-grace-paley|Allan Gurganus Reads Grace Paley||2015-10-01|Allan Gurganus|Grace Paley|Q1805285|Q443966
lionel-shriver-reads-t-c-boyle|https://www.newyorker.com/podcast/fiction/lionel-shriver-reads-t-c-boyle|Lionel Shriver Reads T. C. Boyle||2015-09-01|Lionel Shriver|T. C. Boyle|Q622232|Q786526
sam-lipsyte-reads-about-jessie-mae-by-james-purdy|https://www.newyorker.com/podcast/fiction/sam-lipsyte-reads-about-jessie-mae-by-james-purdy|Sam Lipsyte Reads “About Jessie Mae” by James Purdy||2015-08-01|Sam Lipsyte|James Purdy|Q598494|Q984415
yiyun-li-reads-patricia-highsmith|https://www.newyorker.com/podcast/fiction/yiyun-li-reads-patricia-highsmith|Yiyun Li Reads Patricia Highsmith||2015-07-01|Yiyun Li|Patricia Highsmith|Q460088|Q270635
michael-cunningham-reads-dumbness-is-everything-by-harold-brodkey|https://www.newyorker.com/podcast/fiction/michael-cunningham-reads-dumbness-is-everything-by-harold-brodkey|Michael Cunningham reads “Dumbness Is Everything” by Harold Brodkey||2015-06-01|Michael Cunningham|Harold Brodkey|Q310257|Q560733
joshua-ferris-reads-robert-coover|https://www.newyorker.com/podcast/fiction/joshua-ferris-reads-robert-coover|Joshua Ferris Reads Robert Coover||2015-05-01|Joshua Ferris|Robert Coover|Q967640|Q1282338
thomas-mcguane-reads-david-means|https://www.newyorker.com/podcast/fiction/thomas-mcguane-reads-david-means|Thomas McGuane Reads David Means||2015-04-01|Thomas Mcguane|David Means|Q2265116|Q5237471
etgar-keret-reads-donald-barthelme|https://www.newyorker.com/podcast/fiction/etgar-keret-reads-donald-barthelme|Etgar Keret Reads Donald Barthelme||2015-03-02|Etgar Keret|Donald Barthelme|Q378882|Q353869
antonya-nelson-reads-tom-drury|https://www.newyorker.com/podcast/fiction/antonya-nelson-reads-tom-drury|Antonya Nelson Reads Tom Drury||2015-02-02|Antonya Nelson|Tom Drury|Q4777267|Q7815662
joseph-oneill-reads-muriel-spark|https://www.newyorker.com/podcast/fiction/joseph-oneill-reads-muriel-spark|Joseph O’Neill Reads Muriel Spark||2014-12-31|Joseph O’Neill|Muriel Spark|Q151708|Q233956
aleksandar-hemon-reads-pnin-by-vladimir-nabokov|https://www.newyorker.com/podcast/fiction/aleksandar-hemon-reads-pnin-by-vladimir-nabokov|Aleksandar Hemon Reads Vladimir Nabokov||2014-12-01|Aleksandar Hemon|Vladimir Nabokov|Q738114|Q36591
david-gilbert-reads-leg-by-steven-polansky|https://www.newyorker.com/podcast/fiction/david-gilbert-reads-leg-by-steven-polansky|David Gilbert Reads Steven Polansky||2014-11-04|David Gilbert|Steven Polansky|Q17385807|Q47504712
george-saunders-reads-love-grace-paley-and-the-wretched-seventies-barry-hannah|https://www.newyorker.com/podcast/fiction/george-saunders-reads-love-grace-paley-and-the-wretched-seventies-barry-hannah|George Saunders Reads Grace Paley and Barry Hannah||2014-10-01|George Saunders|Barry Hannah|Q1251926|Q458336
akhil-sharma-reads-tobias-wolff|https://www.newyorker.com/podcast/fiction/akhil-sharma-reads-tobias-wolff|Akhil Sharma Reads Tobias Wolff||2014-09-29|Akhil Sharma|Tobias Wolff|Q4700740|Q495754
joyce-carol-oates-reads-cynthia-ozick|https://www.newyorker.com/podcast/fiction/joyce-carol-oates-reads-cynthia-ozick|Joyce Carol Oates Reads Cynthia Ozick||2014-09-29|Joyce Carol Oates|Cynthia Ozick|Q217557|Q444849
miranda-july-reads-janet-frame|https://www.newyorker.com/podcast/fiction/miranda-july-reads-janet-frame|Miranda July Reads Janet Frame||2014-09-29|Miranda July|Janet Frame|Q256671|Q241215
rebecca-curtis-reads-leonard-michaels|https://www.newyorker.com/podcast/fiction/rebecca-curtis-reads-leonard-michaels|Rebecca Curtis Reads Leonard Michaels||2014-09-29|Rebecca Curtis|Leonard Michaels|Q7301712|Q3229679
tim-parks-reads-peter-stamm|https://www.newyorker.com/podcast/fiction/tim-parks-reads-peter-stamm|Tim Parks reads Peter Stamm.||2014-09-29|Tim Parks|Peter Stamm.|Q322261|Q125598
nathan-englander-reads-john-cheevers-the-enormous-radio|https://www.newyorker.com/podcast/fiction/nathan-englander-reads-john-cheevers-the-enormous-radio|Nathan Englander Reads John Cheever’s “The Enormous Radio”||2014-09-29|Nathan Englander|John Cheever|Q1655990|Q336151
jennifer-egan-reads-mary-gaitskill|https://www.newyorker.com/podcast/fiction/jennifer-egan-reads-mary-gaitskill|Jennifer Egan reads Mary Gaitskill||2014-03-04|Jennifer Egan|Mary Gaitskill|Q264283|Q545781
t-c-boyle-reads-donald-barthelme|https://www.newyorker.com/podcast/fiction/t-c-boyle-reads-donald-barthelme|T. C. Boyle reads Donald Barthelme||2014-02-04|T. C. Boyle|Donald Barthelme|Q786526|Q353869
paul-theroux-reads-elizabeth-taylor|https://www.newyorker.com/podcast/fiction/paul-theroux-reads-elizabeth-taylor|Paul Theroux Reads Elizabeth Taylor||2014-01-03|Paul Theroux|Elizabeth Taylor|Q510320|Q442330
jonathan-safran-foer-reads-amos-oz|https://www.newyorker.com/podcast/fiction/jonathan-safran-foer-reads-amos-oz|Jonathan Safran Foer reads Amos Oz||2013-12-03|Jonathan Safran Foer|Amos Oz|Q359548|Q151872
louise-erdrich-reads-joyce-carol-oates|https://www.newyorker.com/podcast/fiction/louise-erdrich-reads-joyce-carol-oates|Louise Erdrich reads Joyce Carol Oates||2013-11-02|Louise Erdrich|Joyce Carol Oates|Q442679|Q217557
jonathan-lethem-reads-v-s-pritchett|https://www.newyorker.com/podcast/fiction/jonathan-lethem-reads-v-s-pritchett|Jonathan Lethem reads V. S. Pritchett||2013-10-02|Jonathan Lethem|V. S. Pritchett|Q440100|Q1885875
rick-bass-reads-thomas-mcguane|https://www.newyorker.com/podcast/fiction/rick-bass-reads-thomas-mcguane|Rick Bass reads Thomas McGuane||2013-09-04|Rick Bass|Thomas Mcguane|Q3431527|Q2265116
donald-antrim-reads-denis-johnson|https://www.newyorker.com/podcast/fiction/donald-antrim-reads-denis-johnson|Donald Antrim reads Denis Johnson||2013-08-02|Donald Antrim|Denis Johnson|Q714153|Q340016
gary-shteyngart-reads-lorrie-moore|https://www.newyorker.com/podcast/fiction/gary-shteyngart-reads-lorrie-moore|Gary Shteyngart reads Lorrie Moore||2013-07-03|Gary Shteyngart|Lorrie Moore|Q1334139|Q204168
robert-coover-reads-italo-calvino|https://www.newyorker.com/podcast/fiction/robert-coover-reads-italo-calvino|Robert Coover reads Italo Calvino||2013-06-04|Robert Coover|Italo Calvino|Q1282338|Q154756
richard-ford-reads-harold-brodkey|https://www.newyorker.com/podcast/fiction/richard-ford-reads-harold-brodkey|Richard Ford reads Harold Brodkey||2013-05-04|Richard Ford|Harold Brodkey|Q547794|Q560733
margaret-atwood-reads-mavis-gallant|https://www.newyorker.com/podcast/fiction/margaret-atwood-reads-mavis-gallant|Margaret Atwood reads Mavis Gallant.||2013-04-02|Margaret Atwood|Mavis Gallant.|Q183492|Q2550824
edwidge-danticat-reads-jamaica-kincaid|https://www.newyorker.com/podcast/fiction/edwidge-danticat-reads-jamaica-kincaid|Edwidge Danticat reads Jamaica Kincaid||2013-03-06|Edwidge Danticat|Jamaica Kincaid|Q450346|Q275601
francisco-goldman-reads-roberto-bolano|https://www.newyorker.com/podcast/fiction/francisco-goldman-reads-roberto-bolano|Francisco Goldman Reads Roberto Bolano||2013-02-02|Francisco Goldman|Roberto Bolano|Q3081853|Q297532
tony-earley-reads-william-maxwell|https://www.newyorker.com/podcast/fiction/tony-earley-reads-william-maxwell|Tony Earley Reads William Maxwell||2013-01-03|Tony Earley|William Maxwell|Q7822271|Q1541271
hisham-matar-reads-jorge-luis-borges|https://www.newyorker.com/podcast/fiction/hisham-matar-reads-jorge-luis-borges|Hisham Matar reads Jorge Luis Borges||2012-12-04|Hisham Matar|Jorge Luis Borges|Q673985|Q909
david-sedaris-reads-miranda-july|https://www.newyorker.com/podcast/fiction/david-sedaris-reads-miranda-july|David Sedaris reads Miranda July||2012-11-01|David Sedaris|Miranda July|Q1176577|Q256671
sherman-alexie-reads-jessamyn-west|https://www.newyorker.com/podcast/fiction/sherman-alexie-reads-jessamyn-west|Sherman Alexie reads Jessamyn West||2012-10-04|Sherman Alexie|Jessamyn West|Q727331|Q1688127
tessa-hadley-reads-nadine-gordimer|https://www.newyorker.com/podcast/fiction/tessa-hadley-reads-nadine-gordimer|Tessa Hadley reads Nadine Gordimer||2012-09-05|Tessa Hadley|Nadine Gordimer|Q23014955|Q47619
maile-meloy-reads-laurie-colwin|https://www.newyorker.com/podcast/fiction/maile-meloy-reads-laurie-colwin|Maile Meloy reads Laurie Colwin||2012-08-02|Maile Meloy|Laurie Colwin|Q541890|Q3219646
james-salter-reads-reynolds-price|https://www.newyorker.com/podcast/fiction/james-salter-reads-reynolds-price|James Salter reads Reynolds Price||2012-06-30|James Salter|Reynolds Price|Q1395915|Q2619779
dave-eggers-reads-roddy-doyle|https://www.newyorker.com/podcast/fiction/dave-eggers-reads-roddy-doyle|Dave Eggers reads Roddy Doyle||2012-06-02|Dave Eggers|Roddy Doyle|Q589497|Q73506
matthew-klam-reads-charles-dambrosio|https://www.newyorker.com/podcast/fiction/matthew-klam-reads-charles-dambrosio|Matthew Klam reads Charles D'Ambrosio||2012-05-01|Matthew Klam|Charles D'Ambrosio|Q6790814|Q2628164
colm-toibin-reads-sylvia-townsend-warner|https://www.newyorker.com/podcast/fiction/colm-toibin-reads-sylvia-townsend-warner|Colm Toibin reads Sylvia Townsend Warner||2012-03-17|Colm Toibin|Sylvia Townsend Warner|Q470758|Q462270
nicole-krauss-reads-bruno-schulz|https://www.newyorker.com/podcast/fiction/nicole-krauss-reads-bruno-schulz|Nicole Krauss reads Bruno Schulz||2012-02-17|Nicole Krauss|Bruno Schulz|Q466431|Q148886
thomas-beller-reads-niccolo-tucci|https://www.newyorker.com/podcast/fiction/thomas-beller-reads-niccolo-tucci|Thomas Beller reads Niccolo Tucci||2012-01-19|Thomas Beller|Niccolo Tucci|Q7787556|Q3875906
tea-obreht-reads-stephanie-vaughn|https://www.newyorker.com/podcast/fiction/tea-obreht-reads-stephanie-vaughn|Tea Obreht reads Stephanie Vaughn||2011-12-16|Tea Obreht|Stephanie Vaughn|Q439226|Q47504827
said-sayrafiezadeh-reads-thomas-beller|https://www.newyorker.com/podcast/fiction/said-sayrafiezadeh-reads-thomas-beller|Said Sayrafiezadeh reads Thomas Beller||2011-11-19|Said Sayrafiezadeh|Thomas Beller|Q2212143|Q7787556
colum-mccann-reads-benedict-kiely|https://www.newyorker.com/podcast/fiction/colum-mccann-reads-benedict-kiely|Colum McCann reads Benedict Kiely||2011-10-19|Colum Mccann|Benedict Kiely|Q966228|Q816879
ben-marcus-reads-kazuo-ishiguro|https://www.newyorker.com/podcast/fiction/ben-marcus-reads-kazuo-ishiguro|Ben Marcus reads Kazuo Ishiguro||2011-09-21|Ben Marcus|Kazuo Ishiguro|Q816553|Q272855
salman-rushdie-reads-donald-barthelme|https://www.newyorker.com/podcast/fiction/salman-rushdie-reads-donald-barthelme|Salman Rushdie reads Donald Barthelme||2011-08-19|Salman Rushdie|Donald Barthelme|Q44306|Q353869
zz-packer-reads-stuart-dybek|https://www.newyorker.com/podcast/fiction/zz-packer-reads-stuart-dybek|ZZ Packer reads Stuart Dybek||2011-07-16|Zz Packer|Stuart Dybek|Q8063320|Q7626494
lauren-groff-reads-alice-munro|https://www.newyorker.com/podcast/fiction/lauren-groff-reads-alice-munro|Lauren Groff reads Alice Munro||2011-06-21|Lauren Groff|Alice Munro|Q6500240|Q234819
allegra-goodman-reads-john-updike|https://www.newyorker.com/podcast/fiction/allegra-goodman-reads-john-updike|Allegra Goodman reads John Updike||2011-05-21|Allegra Goodman|John Updike|Q4731395|Q105756
sam-lipsyte-reads-thomas-mcguane|https://www.newyorker.com/podcast/fiction/sam-lipsyte-reads-thomas-mcguane|Sam Lipsyte reads Thomas McGuane||2011-04-21|Sam Lipsyte|Thomas Mcguane|Q598494|Q2265116
daniel-alarcon-reads-roberto-bolano|https://www.newyorker.com/podcast/fiction/daniel-alarcon-reads-roberto-bolano|Daniel Alarcon reads Roberto Bolano||2011-03-18|Daniel Alarcon|Roberto Bolano|Q447902|Q297532
anne-enright-reads-john-cheever|https://www.newyorker.com/podcast/fiction/anne-enright-reads-john-cheever|Anne Enright reads John Cheever||2011-02-17|Anne Enright|John Cheever|Q73176|Q336151
hilton-als-reads-james-mccourt|https://www.newyorker.com/podcast/fiction/hilton-als-reads-james-mccourt|Hilton Als reads James McCourt||2011-01-21|Hilton Als|James Mccourt|Q5764481|Q6139237
cynthia-ozick-reads-steven-millhauser|https://www.newyorker.com/podcast/fiction/cynthia-ozick-reads-steven-millhauser|Cynthia Ozick reads Steven Millhauser||2010-12-17|Cynthia Ozick|Steven Millhauser|Q444849|Q640807
jennifer-egan-reads-lore-segal|https://www.newyorker.com/podcast/fiction/jennifer-egan-reads-lore-segal|Jennifer Egan reads Lore Segal||2010-11-19|Jennifer Egan|Lore Segal|Q264283|Q215436
david-means-reads-raymond-carver|https://www.newyorker.com/podcast/fiction/david-means-reads-raymond-carver|David Means reads Raymond Carver||2010-10-15|David Means|Raymond Carver|Q5237471|Q219862
chimamanda-ngozi-adichie-reads-jamaica-kincaid|https://www.newyorker.com/podcast/fiction/chimamanda-ngozi-adichie-reads-jamaica-kincaid|Chimamanda Ngozi Adichie Reads Jamaica Kincaid||2010-09-11|Chimamanda Ngozi Adichie|Jamaica Kincaid|Q230141|Q275601
chris-adrian-reads-donald-barthelme|https://www.newyorker.com/podcast/fiction/chris-adrian-reads-donald-barthelme|Chris Adrian reads Donald Barthelme||2010-08-12|Chris Adrian|Donald Barthelme|Q1076930|Q353869
salvatore-scibona-reads-denis-johnson|https://www.newyorker.com/podcast/fiction/salvatore-scibona-reads-denis-johnson|Salvatore Scibona reads Denis Johnson||2010-07-13|Salvatore Scibona|Denis Johnson|Q7406693|Q340016
rivka-galchen-reads-leonard-michaels|https://www.newyorker.com/podcast/fiction/rivka-galchen-reads-leonard-michaels|Rivka Galchen reads Leonard Michaels||2010-06-05|Rivka Galchen|Leonard Michaels|Q2265147|Q3229679
monica-ali-reads-joshua-ferris|https://www.newyorker.com/podcast/fiction/monica-ali-reads-joshua-ferris|Monica Ali reads Joshua Ferris||2010-05-13|Monica Ali|Joshua Ferris|Q464960|Q967640
chang-rae-lee-reads-don-delillo|https://www.newyorker.com/podcast/fiction/chang-rae-lee-reads-don-delillo|Chang-Rae Lee reads Don DeLillo||2010-04-13|Chang-Rae Lee|Don Delillo|Q533256|Q310048
lorrie-moore-reads-julie-hayden|https://www.newyorker.com/podcast/fiction/lorrie-moore-reads-julie-hayden|Lorrie Moore reads Julie Hayden||2010-03-19|Lorrie Moore|Julie Hayden|Q204168|Q16203965
julian-barnes-reads-frank-oconnor|https://www.newyorker.com/podcast/fiction/julian-barnes-reads-frank-oconnor|Julian Barnes reads Frank O'Connor||2010-02-12|Julian Barnes|Frank O'Connor|Q295431|Q1351972
karen-russell-reads-carson-mccullers|https://www.newyorker.com/podcast/fiction/karen-russell-reads-carson-mccullers|Karen Russell Reads Carson McCullers||2010-01-14|Karen Russell|Carson Mccullers|Q3812975|Q230591
junot-diaz-reads-edwidge-danticat|https://www.newyorker.com/podcast/fiction/junot-diaz-reads-edwidge-danticat|Junot Diaz reads Edwidge Danticat||2009-12-15|Junot Diaz|Edwidge Danticat|Q402664|Q450346
yiyun-li-reads-john-mcgahern|https://www.newyorker.com/podcast/fiction/yiyun-li-reads-john-mcgahern|Yiyun Li reads John McGahern||2009-11-12|Yiyun Li|John Mcgahern|Q460088|Q1277641
orhan-pamuk-reads-vladimir-nabokov|https://www.newyorker.com/podcast/fiction/orhan-pamuk-reads-vladimir-nabokov|Orhan Pamuk reads Vladimir Nabokov||2009-10-13|Orhan Pamuk|Vladimir Nabokov|Q241248|Q36591
marisa-silver-reads-peter-taylor|https://www.newyorker.com/podcast/fiction/marisa-silver-reads-peter-taylor|Marisa Silver reads Peter Taylor||2009-09-11|Marisa Silver|Peter Taylor|Q3293710|Q979076
joshua-ferris-reads-george-saunders|https://www.newyorker.com/podcast/fiction/joshua-ferris-reads-george-saunders|Joshua Ferris reads George Saunders||2009-08-10|Joshua Ferris|George Saunders|Q967640|Q1251926
david-bezmozgis-reads-sergei-dovlatov|https://www.newyorker.com/podcast/fiction/david-bezmozgis-reads-sergei-dovlatov|David Bezmozgis reads Sergei Dovlatov||2009-07-07|David Bezmozgis|Sergei Dovlatov|Q84011|Q141114
jonathan-franzen-reads-veronica-geng|https://www.newyorker.com/podcast/fiction/jonathan-franzen-reads-veronica-geng|Jonathan Franzen reads Veronica Geng||2009-06-01|Jonathan Franzen|Veronica Geng|Q316607|Q7922413
tobias-wolff-reads-denis-johnson|https://www.newyorker.com/podcast/fiction/tobias-wolff-reads-denis-johnson|Tobias Wolff reads Denis Johnson||2009-05-08|Tobias Wolff|Denis Johnson|Q495754|Q340016
nathan-englander-reads-isaac-bashevis-singer|https://www.newyorker.com/podcast/fiction/nathan-englander-reads-isaac-bashevis-singer|Nathan Englander reads Isaac Bashevis Singer||2009-04-10|Nathan Englander|Isaac Bashevis Singer|Q1655990|Q75612
joyce-carol-oates-reads-eudora-welty|https://www.newyorker.com/podcast/fiction/joyce-carol-oates-reads-eudora-welty|Joyce Carol Oates reads Eudora Welty||2009-03-09|Joyce Carol Oates|Eudora Welty|Q217557|Q259364
roger-angell-reads-john-updike|https://www.newyorker.com/podcast/fiction/roger-angell-reads-john-updike|Roger Angell Reads John Updike||2009-02-11|Roger Angell|John Updike||Q105756
thomas-mcguane-reads-james-salter|https://www.newyorker.com/podcast/fiction/thomas-mcguane-reads-james-salter|Thomas McGuane reads James Salter||2009-01-10|Thomas Mcguane|James Salter|Q2265116|Q1395915
roddy-doyle-reads-maeve-brennan|https://www.newyorker.com/podcast/fiction/roddy-doyle-reads-maeve-brennan|Roddy Doyle reads Maeve Brennan||2008-12-12|Roddy Doyle|Maeve Brennan|Q73506|Q1883652
a-m-homes-reads-shirley-jackson|https://www.newyorker.com/podcast/fiction/a-m-homes-reads-shirley-jackson|A. M. Homes Reads Shirley Jackson||2008-11-12|A. M. Homes|Shirley Jackson|Q278953|Q239910
gary-shteyngart-reads-andrea-lee|https://www.newyorker.com/podcast/fiction/gary-shteyngart-reads-andrea-lee|Gary Shteyngart reads Andrea Lee||2008-10-09|Gary Shteyngart|Andrea Lee|Q1334139|Q4755150
tobias-wolff-reads-stephanie-vaughn|https://www.newyorker.com/podcast/fiction/tobias-wolff-reads-stephanie-vaughn|Tobias Wolff reads Stephanie Vaughn||2008-09-12|Tobias Wolff|Stephanie Vaughn|Q495754|Q47504827
head-cold|https://www.newyorker.com/podcast/fiction/head-cold|Head Cold||2008-08-07|jeffrey eugenides|Harold Brodkey|Q357108|Q560733
aleksandar-hemon-discusses-bernard-malamud|https://www.newyorker.com/podcast/fiction/aleksandar-hemon-discusses-bernard-malamud|Aleksandar Hemon discusses Bernard Malamud||2008-07-09|Aleksandar Hemon|Bernard Malamud|Q738114|Q351547
mary-gaitskill-reads-vladimir-nabokov|https://www.newyorker.com/podcast/fiction/mary-gaitskill-reads-vladimir-nabokov|Mary Gaitskill reads Vladimir Nabokov||2008-06-02|Mary Gaitskill|Vladimir Nabokov|Q545781|Q36591
hilton-als-discusses-jean-stafford|https://www.newyorker.com/podcast/fiction/hilton-als-discusses-jean-stafford|Hilton Als discusses Jean Stafford||2008-05-05|Hilton Als|Jean Stafford|Q5764481|Q290633
louise-erdrich-reads-lorrie-moore|https://www.newyorker.com/podcast/fiction/louise-erdrich-reads-lorrie-moore|Louise Erdrich reads Lorrie Moore||2008-04-09|Louise Erdrich|Lorrie Moore|Q442679|Q204168
jonathan-lethem-reads-james-thurber|https://www.newyorker.com/podcast/fiction/jonathan-lethem-reads-james-thurber|Jonathan Lethem reads James Thurber||2008-03-03|Jonathan Lethem|James Thurber|Q440100|Q124527
t-coraghessan-boyle-reads-tobias-wolff|https://www.newyorker.com/podcast/fiction/t-coraghessan-boyle-reads-tobias-wolff|T. Coraghessan Boyle reads Tobias Wolff||2008-02-11|T. Coraghessan Boyle|Tobias Wolff|Q786526|Q495754
e-l-doctorow-reads-john-ohara|https://www.newyorker.com/podcast/fiction/e-l-doctorow-reads-john-ohara|E. L. Doctorow reads John O'Hara||2008-01-07|E. L. Doctorow|John O'Hara|Q335232|Q548345
jhumpa-lahiri-reads-william-trevor|https://www.newyorker.com/podcast/fiction/jhumpa-lahiri-reads-william-trevor|Jhumpa Lahiri reads William Trevor||2007-12-10|Jhumpa Lahiri|William Trevor|Q465208|Q528826
antonya-nelson-reads-mavis-gallant|https://www.newyorker.com/podcast/fiction/antonya-nelson-reads-mavis-gallant|Antonya Nelson reads Mavis Gallant||2007-11-05|Antonya Nelson|Mavis Gallant|Q4777267|Q2550824
paul-theroux-reads-jorge-luis-borges|https://www.newyorker.com/podcast/fiction/paul-theroux-reads-jorge-luis-borges|Paul Theroux reads Jorge Luis Borges||2007-10-08|Paul Theroux|Jorge Luis Borges|Q510320|Q909
nell-freudenberger-discusses-grace-paley|https://www.newyorker.com/podcast/fiction/nell-freudenberger-discusses-grace-paley|Nell Freudenberger discusses Grace Paley||2007-09-10|Nell Freudenberger|Grace Paley|Q6990009|Q443966
george-saunders-reads-isaac-babel|https://www.newyorker.com/podcast/fiction/george-saunders-reads-isaac-babel|George Saunders reads Isaac Babel||2007-08-06|George Saunders|Isaac Babel|Q1251926|Q49080
donald-antrim-reads-donald-barthelme|https://www.newyorker.com/podcast/fiction/donald-antrim-reads-donald-barthelme|Donald Antrim reads Donald Barthelme.||2007-07-09|Donald Antrim|Donald Barthelme.|Q714153|Q353869
junot-diaz-reads-how-to-date-a-brown-girl-black-girl-white-girl-or-halfie|https://www.newyorker.com/podcast/fiction/junot-diaz-reads-how-to-date-a-brown-girl-black-girl-white-girl-or-halfie|Junot Díaz reads How to Date a Brown Girl (Black Girl, White Girl, or Halfie)||2007-06-01|Junot Díaz|Edwidge Danticat|Q402664|Q450346
reunions|https://www.newyorker.com/podcast/fiction/reunions|Richard Ford Reads John Cheever||2007-05-03|Richard Ford|John Cheever|Q547794|Q336151
